Date,Air Quality,Water Pollution,Deforestation
2023-01-01,50,25,0.1
2023-01-02,55,30,0.2
2023-01-03,41.19003351252419,29.68962274770077,0.14302596312952076
2023-01-04,44.94159475046888,31.150084531376905,0.2619244242513418
2023-01-05,55.0148291490503,25.684610617184184,0.09147577709598952
2023-01-06,53.89439021176121,26.81015954652271,0.27414941000343496
2023-01-07,48.08522909022698,27.67290442902017,0.14088664210267404
2023-01-08,66.03885821914956,30.88730546071087,0.10594871085937015
2023-01-09,53.8857696612676,30.74860715425434,0.2948848607215686
2023-01-010,61.28505446546366,25.07311033575956,0.1117143703275321
2023-01-011,66.9739174638095,20.354925881197637,0.21615435911376307
2023-01-012,57.77611507144209,21.641751526084175,0.2973841677663965
2023-01-013,49.27519926219377,22.11308343865439,0.20353123792287653
2023-01-014,48.21325153129558,21.812193551674966,0.08105323268709937
2023-01-015,49.54468780063668,21.283313597868347,0.17519491881577143
2023-01-016,63.1103288052435,21.592325438954884,0.21884402418692867
2023-01-017,44.29738006514098,31.23085893375889,0.19731483069437333
2023-01-018,64.72678215581617,33.934105676887484,0.24698467970218202
2023-01-019,53.43684967356256,23.69422356809951,0.10675616159614455
2023-01-020,49.7875115470225,21.482809320193773,0.15736921206878118
2023-01-021,58.34061429622251,34.88636046609953,0.20306295854444611
2023-01-022,43.85839346008658,26.540645402046017,0.26319946129134675
2023-01-023,45.003352728775525,31.731780201482966,0.13020469924174305
2023-01-024,54.48158474180886,34.030147194320804,0.09840680008800377
2023-01-025,59.724623548299654,34.759951721731625,0.29038464496871447
2023-01-026,52.852304098331324,30.315961707561776,0.06065111272483516
2023-01-027,52.251467841824244,34.01545235613165,0.0659918935068818
2023-01-028,55.31573561966614,26.771407274773686,0.24019997668679138
2023-01-029,48.06653757982049,29.8189568420015,0.14360260055749163
2023-01-030,42.73324378771796,31.34864213750609,0.13344716424051184
2023-01-031,68.54004940658172,24.11148767586418,0.09385882493423577
2023-01-032,45.093161061440526,34.630490850047124,0.11809385165067841
2023-01-033,55.230252936098,33.2801219509188,0.07769368739045922
2023-01-034,60.58597266667353,26.739016168710883,0.21108955046134903
2023-01-035,49.09957473896165,31.534586753189963,0.29993941012104036
2023-01-036,40.40544469984417,34.658440721772784,0.25367449306663475
2023-01-037,52.93809347745233,20.487355157205254,0.24501622811145657
2023-01-038,47.3114495104608,20.480428325371832,0.08823465248832603
2023-01-039,55.30939580747952,23.234131902601426,0.20465764705148015
2023-01-040,48.37951019401592,20.61166748232248,0.2012528744469072
2023-01-041,50.332821637208454,34.87613725037943,0.2141300378580268
2023-01-042,67.1847575775154,22.58715786352639,0.21942443122442334
2023-01-043,66.95045184515907,33.04999904599829,0.1665697293124455
2023-01-044,59.72198913996837,27.51083799522352,0.052430820137815956
2023-01-045,60.21863171614271,28.12208447493461,0.178845713545567
2023-01-046,55.274076617707536,24.20558617553724,0.2589073182020532
2023-01-047,49.69942272412173,21.44441875911494,0.15690226853827705
2023-01-048,41.027743812901114,22.256852614111896,0.18645881808956488
2023-01-049,62.260270870977024,29.03719046008369,0.1830643643216459
2023-01-050,46.19979750994682,20.006084290572083,0.1281950731635274
2023-01-051,46.29118820283021,20.380815465597266,0.2809898714311734
2023-01-052,66.29900093580105,34.51018276143012,0.2030833923089445
2023-01-053,67.61858728949713,28.334802904550564,0.12131983798834374
2023-01-054,56.702696618189776,32.969065733208794,0.16371795388979687
2023-01-055,61.889563524349924,24.375611209696032,0.08867818806054982
2023-01-056,69.9268945686386,32.70248469286061,0.20509681245125377
2023-01-057,53.67896810115826,25.85497167060932,0.12576667191505742
2023-01-058,68.03710745110368,25.315840058681758,0.2319988158833513
2023-01-059,69.5644624496956,31.10789334894944,0.14985822917039365
2023-01-060,64.62711804123282,26.746335349246728,0.10438866554417121
2023-01-061,52.91119017584126,29.561571511006072,0.06529458889786711
2023-01-062,54.292684614950986,22.68504457737785,0.20787279679057724
2023-01-063,58.315170346219894,28.105996943764058,0.17353437204729483
2023-01-064,69.0965821258263,23.427547939560117,0.23520083022029514
2023-01-065,46.01785976119578,25.672192572117034,0.14239858644436204
2023-01-066,41.71276002542214,31.634760081354706,0.24171997361178765
2023-01-067,51.9163628941448,32.482236668332554,0.21109968050824113
2023-01-068,40.88593433930933,25.536278274535277,0.19418505331598312
2023-01-069,57.80426506617515,30.8084338710252,0.1974288301882957
2023-01-070,51.03639621248172,31.27689623219659,0.07599680201814939
2023-01-071,56.272917851298,33.519627922871805,0.09116657908431543
2023-01-072,69.00413832172956,25.860526197359384,0.06944690563340662
2023-01-073,53.007588458675315,26.95983500588341,0.14844715333717584
2023-01-074,52.47536051972844,34.76236130329758,0.05474677104678967
2023-01-075,57.879466169717944,24.58383883896498,0.2545187647907561
2023-01-076,60.48171380338882,25.242716196377575,0.09132403656985073
2023-01-077,40.77320691745921,20.84920938592543,0.12922048889611554
2023-01-078,69.06442421167299,25.964481187511147,0.13401295484275016
2023-01-079,62.550568139284216,31.287896915011615,0.189985622569378
2023-01-080,47.122133434521444,34.785320967671865,0.2290182468963578
2023-01-081,69.40602547693398,21.51755208555749,0.21904795965356333
2023-01-082,61.280771413530076,34.41539498625155,0.06882726039405203
2023-01-083,44.78897734122831,25.110510436373485,0.19737829426081555
2023-01-084,43.08216170357615,21.605668753929805,0.17644883482600743
2023-01-085,43.94914749960469,33.42631424479659,0.16989836090310362
2023-01-086,57.44864055431637,26.255999253976807,0.09103871483147592
2023-01-087,48.955794856949964,27.59676648882932,0.056667504730936
2023-01-088,51.38618852544394,24.447683173385208,0.1470762725753928
2023-01-089,59.89413922002057,27.69827104959152,0.15284569424418426
2023-01-090,43.88403184309682,26.92697338628539,0.22572951176485945
2023-01-091,58.39479088317792,32.38218640493067,0.25313216964838725
2023-01-092,43.615844659368584,29.30976879279028,0.0869675948016032
2023-01-093,41.67919806380064,34.568893826044224,0.24044834552602368
2023-01-094,63.92999876105185,34.50561976630898,0.07005472910340606
2023-01-095,41.48953914357557,33.102807642197604,0.14440289027567477
2023-01-096,45.80657052359957,26.922304901380105,0.24437481832437685
2023-01-097,41.98955687868034,21.66388259123709,0.07210562963736152
2023-01-098,40.97826992935344,27.115258472332787,0.08526055524996363
2023-01-099,58.86031265068833,28.818146988557878,0.28528411975942225
2023-01-0100,44.81065985450724,23.923152416316434,0.2698543847308891
2023-01-0101,54.897368224848094,23.84720242288516,0.07722700382376806
2023-01-0102,61.89957926235669,33.05289286426243,0.06285310057283129
2023-01-0103,51.40073428529179,31.066779785879298,0.21617679162142223
2023-01-0104,47.18392029892898,22.794128324119775,0.2066317591776725
2023-01-0105,48.03607284745419,21.8192952458275,0.09906038842104876
2023-01-0106,69.63484654958438,31.300173458822425,0.14779782301325628
2023-01-0107,67.49551977991884,20.779649703181693,0.1781989112123144
2023-01-0108,57.855442810368324,20.74468983322017,0.24613219566483707
2023-01-0109,66.50932125967438,20.665390763245625,0.21605083538558073
2023-01-0110,64.36306359687583,31.637315415206082,0.2816178486335696
2023-01-0111,60.48358881709075,29.068983179456225,0.06158352949534275
2023-01-0112,54.236591006980014,32.938983770450236,0.14513586288575864
2023-01-0113,41.52648529669229,32.142787045021606,0.25741199765259254
2023-01-0114,56.60570310469663,32.38723154925934,0.0652758009487182
2023-01-0115,45.686778414256445,32.30077331743127,0.13308788948386363
2023-01-0116,54.264768329252654,27.538550638502727,0.18645921849957903
2023-01-0117,62.047324591993686,32.01767707406914,0.16777957305797608
2023-01-0118,43.9335542741826,33.770655329161805,0.24967282416782705
2023-01-0119,57.04018025639073,27.8288732158926,0.19482248983510425
2023-01-0120,65.1213638791186,21.937409159695626,0.057907056121736175
2023-01-0121,56.545336381807935,29.340729207062463,0.07996276946981738
2023-01-0122,64.69769943003794,27.79779437542606,0.13436160606755776
2023-01-0123,60.57481347380627,28.10313603849704,0.25328178774988636
2023-01-0124,44.69328321171116,33.558791614716085,0.06495980748912099
2023-01-0125,49.41259751799967,20.77414363239569,0.2731472592006872
2023-01-0126,44.90716632492163,32.53224355270065,0.2941836311294633
2023-01-0127,40.79261186687811,22.745123030997245,0.07509029972658628
2023-01-0128,56.951943787787215,20.8667466195035,0.22787094658654022
2023-01-0129,50.99348648612828,31.293770270195072,0.09544697658727162
2023-01-0130,67.8923514596753,29.556230038247442,0.10601070607170175
2023-01-0131,67.69302864894307,20.166621635482255,0.2889862642447694
2023-01-0132,55.70796660988432,23.861807842833883,0.06300425553066859
2023-01-0133,50.13090308442335,24.826744360858847,0.16027852199254827
2023-01-0134,63.3034323797566,30.444008197663205,0.09192850414548172
2023-01-0135,66.21046965906004,31.31275879075922,0.12094276350704213
2023-01-0136,54.95494461470489,28.25464130151625,0.18640341433781082
2023-01-0137,40.738361925925815,26.147241598680786,0.184957970029743
2023-01-0138,43.1188085343873,31.25545574301963,0.23720629391345383
2023-01-0139,43.98769643401919,27.758911176761238,0.09540851918340702
2023-01-0140,50.13554316147038,22.566087263650328,0.17523290367758093
2023-01-0141,57.218175000173744,27.167347168461983,0.10544840194806888
2023-01-0142,49.83079438683252,34.7809183761333,0.26727777444144696
2023-01-0143,49.294564773076864,23.991781058997134,0.15115663101695187
2023-01-0144,58.14133031068728,33.51478277163851,0.2384168638557293
2023-01-0145,55.880015942715396,33.93326863945789,0.1952416921984692
2023-01-0146,44.47262499518665,30.956266183202125,0.1093923033184024
2023-01-0147,54.13994960304728,33.57521325134654,0.11056482647687758
2023-01-0148,43.150896010271104,27.38032135258832,0.16842233650919253
2023-01-0149,48.42802876868726,26.90181935356673,0.058726178861219655
2023-01-0150,58.81432711686262,28.513104676693388,0.14559777639668292
2023-01-0151,60.030311077426276,31.244686426557067,0.1525889281585368
2023-01-0152,52.862605366319116,27.564318201752116,0.2603836759295589
2023-01-0153,50.80313761995269,22.890887807037423,0.15044144211819988
2023-01-0154,40.99221598038275,28.333306476444324,0.051698288953255137
2023-01-0155,69.12834121765282,28.90900964571418,0.050963835705618174
2023-01-0156,43.353048118026386,33.008887093431525,0.14548162917583313
2023-01-0157,45.27851004852306,29.40544203039091,0.2537898763749458
2023-01-0158,60.21816064001555,30.657393194183424,0.12128583387121784
2023-01-0159,43.49040643649177,20.325351735018007,0.2749306676355696
2023-01-0160,56.01816064067924,27.15528944106765,0.11289783013598333
2023-01-0161,48.80745216552776,28.555675268264345,0.10049212820549712
2023-01-0162,43.360230209451075,25.712578228864825,0.2827467763889419
2023-01-0163,62.42976830411578,30.04536816284371,0.22895523805931833
2023-01-0164,55.774857369694004,32.143823617910215,0.10611969618927634
2023-01-0165,68.85259055856262,25.663562069490908,0.19117993030843417
2023-01-0166,61.769537337923815,24.076243734807925,0.29307533192422774
2023-01-0167,50.813848507794994,28.50635869997216,0.22427323399138216
2023-01-0168,66.26190417544383,30.9827254693283,0.2874638736623853
2023-01-0169,44.21698363310893,22.470847241392477,0.1345643129698288
2023-01-0170,44.111580109732394,29.89977191114825,0.1367462048399063
2023-01-0171,49.8638995432877,20.604110904172934,0.29535510019620687
2023-01-0172,68.42523622541694,31.330162638098937,0.23692575879882583
2023-01-0173,63.17656196409885,27.219754615819053,0.1326075230212233
2023-01-0174,64.85793736017578,25.242984503466886,0.14698068011783466
2023-01-0175,55.587604756731494,28.070636052955514,0.1684054539837015
2023-01-0176,44.41149407431787,31.436954206719857,0.26760406232973705
2023-01-0177,52.74205296262372,26.733970613302965,0.07574161833835279
2023-01-0178,51.59251671475353,21.775439121477536,0.1013304322986301
2023-01-0179,61.0449232985487,22.817281576076738,0.21040152888067842
2023-01-0180,55.30466759444035,33.87746851204286,0.22132390882078806
2023-01-0181,50.16433312784836,30.56273284442806,0.17380832174211797
2023-01-0182,69.1341008345427,33.4839908236231,0.21799703080195315
2023-01-0183,46.904357177115564,31.730051746449732,0.10644936768903075
2023-01-0184,65.54182327312606,32.92238642309059,0.14113684668683435
2023-01-0185,61.303609154713115,31.039132100955726,0.15997092281947733
2023-01-0186,44.79951349345153,28.826305207699356,0.1728951880726599
2023-01-0187,64.79626042062449,29.083630182324022,0.2831180108154264
2023-01-0188,64.59888012719342,31.659283871790365,0.1592716108720405
2023-01-0189,42.95455632334551,23.564648848830245,0.05844059226748706
2023-01-0190,56.2449110553642,21.58922310536219,0.07032826362175841
2023-01-0191,56.727385959015464,31.806105884364765,0.15665464222312003
2023-01-0192,63.68311808802022,34.12738474075127,0.23682852382431668
2023-01-0193,44.16381427457482,22.891151698368304,0.2193602324009271
2023-01-0194,43.91744899630005,25.35868468085056,0.15114660726754808
2023-01-0195,51.08606988287035,24.74593927758167,0.13782504589089095
2023-01-0196,66.02772999473312,30.387642292332757,0.10467240624883482
2023-01-0197,50.86492549768123,23.810801603455637,0.21864818793231855
2023-01-0198,64.83893712661465,25.212245845887004,0.18852356812038784
2023-01-0199,64.42504364710456,28.96314885773265,0.29009903463745385
2023-01-0200,46.446124886009926,25.167062955318055,0.1514535200392118
2023-01-0201,54.83855209402435,26.61328246636798,0.2945857829001492
2023-01-0202,53.98456189408119,34.310487144313655,0.28476102146115423
2023-01-0203,52.5979496602032,32.57350718995222,0.27807492429395003
2023-01-0204,48.05303631397511,33.92836999772173,0.22153807208428605
2023-01-0205,41.19460251233292,31.78183661431156,0.18014890684839918
2023-01-0206,60.15939408744815,27.639031958561688,0.052478047364821215
2023-01-0207,62.67437222582117,22.33235509820875,0.22591758689635394
2023-01-0208,63.914119384065145,28.94346575917082,0.05552727775180229
2023-01-0209,69.33482779251031,20.200937972455772,0.23753312860814868
2023-01-0210,61.854733868312906,25.085579681212927,0.12094169020536068
2023-01-0211,69.30960817858164,22.00361759637185,0.17752302365338485
2023-01-0212,42.77583164901177,30.812371350402245,0.19310201059383636
2023-01-0213,61.984239242208275,21.38324219333281,0.2001605812040254
2023-01-0214,66.70506373925633,31.48353112860128,0.14307877725936502
2023-01-0215,46.535991933255104,20.23553724663736,0.08368408233797615
2023-01-0216,65.08248277217814,34.50491330318833,0.17237135344465548
2023-01-0217,69.28551305024115,21.859133801695403,0.1765696387684217
2023-01-0218,61.190556162987086,29.267199421811878,0.21859986486801253
2023-01-0219,60.57441869574924,22.117797737789495,0.20140788780310537
2023-01-0220,62.77916773138483,21.791206168359324,0.2607450384761671
2023-01-0221,67.5208348234461,33.67734368472968,0.053339864811371054
2023-01-0222,61.49566900853917,28.16649778240756,0.062480875343058837
2023-01-0223,59.20785134595627,28.50927171706134,0.16376467500372616
2023-01-0224,69.35173599345504,32.60567757782039,0.25379754862452397
2023-01-0225,59.11435161132893,33.828934579424384,0.22619909392420784
2023-01-0226,52.87892247620103,25.950520964735283,0.2341492697268618
2023-01-0227,46.576978342274266,32.20254111165969,0.1598452125324974
2023-01-0228,42.41444334437314,27.58640459251086,0.16770410049764262
2023-01-0229,50.398679894108895,32.90889667090026,0.15320075441872316
2023-01-0230,42.30876209257737,30.80458832581227,0.2996200729364077
2023-01-0231,54.59350864613552,27.06202772690403,0.08499696936120453
2023-01-0232,43.71761291257539,27.785638472632073,0.23840360658978482
2023-01-0233,44.16971390213891,31.909199450510208,0.17213543840111878
2023-01-0234,61.80001700254731,25.5859543004478,0.10023020091629568
2023-01-0235,48.052050418440736,24.31672525456587,0.26542659566940935
2023-01-0236,69.50523209668148,32.09652055468186,0.1316187639867431
2023-01-0237,61.29831652392547,25.451774447742245,0.1661603760476537
2023-01-0238,48.18630407350751,21.784439730630456,0.06727042385586156
2023-01-0239,59.90317781467358,24.89210090055179,0.1324251725990866
2023-01-0240,54.22003994582555,27.40340990324068,0.21678821820352429
2023-01-0241,46.65248854031364,25.356164025062103,0.21722293972319945
2023-01-0242,42.65649074849249,29.522185655607295,0.18019606088236262
2023-01-0243,62.94453677521807,22.96236428969967,0.11553089493266162
2023-01-0244,48.22524255125638,22.452092799944612,0.20013080763866314
2023-01-0245,55.184932021856255,21.199409936567566,0.24750607257327678
2023-01-0246,56.225603691703455,26.076205314629505,0.19165925131266276
2023-01-0247,56.52199148186892,24.746686724648487,0.22545403270711412
2023-01-0248,50.62071636754409,27.25111400590945,0.274367022995029
2023-01-0249,69.94580185646913,30.497400793264326,0.16426851074416843
2023-01-0250,68.86693133115666,20.78638631907279,0.07507329235026584
2023-01-0251,58.382361860634674,30.728539154867917,0.20616988431692884
2023-01-0252,55.921646755555486,31.572282556814578,0.08415957980728168
2023-01-0253,48.20487811173966,27.079967877406805,0.20316577206755315
2023-01-0254,55.320958003040964,23.098784076969388,0.234952399185415
2023-01-0255,59.09705842029412,22.588446861930564,0.17643059972192193
2023-01-0256,65.73845513931929,27.08545651087521,0.2791179704915526
2023-01-0257,69.72011482505984,28.44996110361533,0.12180581107370807
2023-01-0258,54.778849131869165,32.32360318517166,0.29384868733754754
2023-01-0259,43.41247573985616,30.402587728567696,0.11866865413422788
2023-01-0260,61.18562860569597,32.10543781154607,0.22793017026166823
2023-01-0261,46.234322095287446,32.413639232002204,0.0761127179191733
2023-01-0262,41.7282490268537,26.189471587133326,0.230740567254563
2023-01-0263,56.80582937538206,23.87893533116774,0.05143893990657074
2023-01-0264,51.27451291159797,21.36793811936974,0.068292495602075
2023-01-0265,41.15976031236051,28.987037203631772,0.16288169982877088
2023-01-0266,45.968178486111455,26.873040869750888,0.2360633945754006
2023-01-0267,69.82568275320995,25.335483808996962,0.2885507939896116
2023-01-0268,62.00032511736721,21.020385396608628,0.29319048245155666
2023-01-0269,65.96607857405482,22.063117464180788,0.2304698783826471
2023-01-0270,54.55214412208752,34.97066655169347,0.20280637661572226
2023-01-0271,58.04691149815005,22.8952942631082,0.2246461003319145
2023-01-0272,50.19071192597151,22.648641301814884,0.05340855524629741
2023-01-0273,58.32978013618877,21.60911691231087,0.0563408167973531
2023-01-0274,57.46806072417827,31.249094319662234,0.16632484281237564
2023-01-0275,50.511546528151726,30.93878592038316,0.1710766079847965
2023-01-0276,52.02451759730479,28.54875946551226,0.09098462264959033
2023-01-0277,60.328612530224106,29.197278200758014,0.11917751085856133
2023-01-0278,60.956200890666636,20.287579393291825,0.14798657780004282
2023-01-0279,42.820887244545816,29.101910329162635,0.07533055772976884
2023-01-0280,66.9660178358155,34.29432429417968,0.25441681094675933
2023-01-0281,69.24049621147785,26.070093074369495,0.0711668236076428
2023-01-0282,40.88218712160959,20.570505870704338,0.16020887431727665
2023-01-0283,66.96954063808806,22.813272422760022,0.11762569835253066
2023-01-0284,54.22617843475088,21.30006206848566,0.17808474690663462
2023-01-0285,48.11855214643835,25.404082360763034,0.2362856453478973
2023-01-0286,65.18835442586413,31.627775005756874,0.05539184179612609
2023-01-0287,58.21084835787801,30.72989472282847,0.26594876433618114
2023-01-0288,40.07438973702835,30.07856875648057,0.23238939978800954
2023-01-0289,47.820983893218205,21.660819758579557,0.05143266331383954
2023-01-0290,44.76956188846887,20.339957516044013,0.21447770237481711
2023-01-0291,40.57429929561184,34.6779029555343,0.07201231733649037
2023-01-0292,49.14869157609482,25.879461024385428,0.05873230214757731
2023-01-0293,63.58540939808327,21.364060459115265,0.07208051911911968
2023-01-0294,42.62759757684717,33.68569496234126,0.12628786374220435
2023-01-0295,45.02005517446391,29.362600707075323,0.09506918191819454
2023-01-0296,46.407737377383356,33.467113706043406,0.2561462155261658
2023-01-0297,63.47261146675328,28.359138266298633,0.09228041580319844
2023-01-0298,40.541703090459094,20.593226025495447,0.10977741206732612
2023-01-0299,47.763367912603904,27.542846933038692,0.13629233006941055
2023-01-0300,56.30302801565591,24.297665831656126,0.19117516154132924
2023-01-0301,62.014909766881445,33.2816677947972,0.09447474961633777
2023-01-0302,48.319509492799526,30.889789381286256,0.07988188825923508
2023-01-0303,44.78505675295212,26.63043374185613,0.20771740247640713
2023-01-0304,50.215792265338386,34.89179817473065,0.2544734738237159
2023-01-0305,52.02466207945949,22.99992194749592,0.17970600203822046
2023-01-0306,42.215277887052665,23.924646898870833,0.15909334525465912
2023-01-0307,50.07741412813792,21.850433252258778,0.16279180462381243
2023-01-0308,53.33990535671573,21.338943922874613,0.22497697702217107
2023-01-0309,57.078654423825895,34.99254971855076,0.23269752395122423
2023-01-0310,47.42106123152558,33.70159640545533,0.16728815694657495
2023-01-0311,53.67297898165157,30.818159972011188,0.13032292680518726
2023-01-0312,59.40365452907983,31.129550580748955,0.08319863535033585
2023-01-0313,59.62176817155261,28.5712688309139,0.0753519481930104
2023-01-0314,56.75776740820176,30.575256104303747,0.12930807159825453
2023-01-0315,50.87057863450003,24.784136321392136,0.28989831017736845
2023-01-0316,58.523466740574115,21.62912805261514,0.052241284046355654
2023-01-0317,65.10650932211263,23.429289753096867,0.1821257155767294
2023-01-0318,41.89257824521027,27.699076853941204,0.1197898231969149
2023-01-0319,45.30213115862624,33.460197497458026,0.17980891494968154
2023-01-0320,68.32226864714059,32.45086378143955,0.15116371192017686
2023-01-0321,65.37532840853126,34.13184220596805,0.14869226118050033
2023-01-0322,61.8040991325042,23.623863193481867,0.22963469265823966
2023-01-0323,52.329144929061094,27.37237937534486,0.1579042510350961
2023-01-0324,61.31231078134343,25.847273100973197,0.052938853367541935
2023-01-0325,63.653162155470994,23.250468771097825,0.12760051698251523
2023-01-0326,51.32880339339239,23.139985405354693,0.09648683219009226
2023-01-0327,46.90050818324603,32.52137939706363,0.12497173965758414
2023-01-0328,48.77457836465439,20.886768548118532,0.18401894530715218
2023-01-0329,61.77753118006783,26.164982301205534,0.2988195165924859
2023-01-0330,45.311241433826495,31.948289172835395,0.14535039959394158
2023-01-0331,60.40899493601796,32.064215561795066,0.17092895562669252
2023-01-0332,67.72384965595819,24.238010568175163,0.20280079233059944
2023-01-0333,42.723721051849246,24.619373301642167,0.10703590198546405
2023-01-0334,40.02839233940137,22.86360085270468,0.22289263495847134
2023-01-0335,68.98327394013613,21.04515394056605,0.24141957630989191
2023-01-0336,51.295276256371594,23.526789792010504,0.1261823599274498
2023-01-0337,41.29324711574251,33.059852901851464,0.11182118500514855
2023-01-0338,44.41470287779383,24.077190378100006,0.22631399170233513
2023-01-0339,49.92680737112164,29.765907010686835,0.12848439923904847
2023-01-0340,41.11707988769699,29.904862279529347,0.16595667071422687
2023-01-0341,52.40887219658096,21.660629287445534,0.11582708609519991
2023-01-0342,57.28495933679325,20.294881005820347,0.17522724660498062
2023-01-0343,58.741146295272245,32.38037024659562,0.21762479753675706
2023-01-0344,43.2363568013949,27.12131901909737,0.11361200383405877
2023-01-0345,66.24438834664855,33.77137081295899,0.17090638622357107
2023-01-0346,47.14283823953693,32.78208782398353,0.16330379296008135
2023-01-0347,54.57515998196698,33.154591020622405,0.15090416741685148
2023-01-0348,61.01555966290175,34.61410317742096,0.22793703493408912
2023-01-0349,60.20559638435565,33.37002702286208,0.2811606930148336
2023-01-0350,47.24149907821848,27.791364172209256,0.07174034875434228
2023-01-0351,65.3510887316632,24.616941225494195,0.2641516343873794
2023-01-0352,47.92026073440793,25.896625708840673,0.2814264046273274
2023-01-0353,69.92998170762174,25.05244214742343,0.2974180364725654
2023-01-0354,44.90826397261597,33.14831977515795,0.2668175037941082
2023-01-0355,66.68237317998276,21.08042706922434,0.14084429424707662
2023-01-0356,66.7806981101954,32.64350420331778,0.29610615310069316
2023-01-0357,42.997225883563544,29.21210737209556,0.15377789718369494
2023-01-0358,66.43226593398944,26.26651651078349,0.2893529502391579
2023-01-0359,61.66666204610382,22.19747002799476,0.20182115725562433
2023-01-0360,43.405201283310134,22.006990156264724,0.13413248851964443
2023-01-0361,57.10590569315711,34.04028727596497,0.17430043647406607
2023-01-0362,61.06085335940483,22.42980541593625,0.09499228906962516
2023-01-0363,46.66781968013311,32.249992380062245,0.09862361763940704
2023-01-0364,41.94751392848254,26.68291906932296,0.1321826830271537
2023-01-0365,52.81748075692367,34.34514776189529,0.06506734169554347
2023-01-0366,66.0026318998052,28.691063205563275,0.28785228541085095
2023-01-0367,61.72603299203776,20.018684366021223,0.2494063615913908
2023-01-0368,55.32240952297063,21.3584724829675,0.06345238287715473
2023-01-0369,49.82024649070412,23.09839550217628,0.16198232400203705
2023-01-0370,57.86195778900108,31.51860610322855,0.19944544006855247
2023-01-0371,66.98344782764798,27.56676482794458,0.1323147941966762
2023-01-0372,63.82361261723085,22.089238237552784,0.060714699705292516
2023-01-0373,60.62872575193483,34.0887539287684,0.2265355508262678
2023-01-0374,61.53617525366768,34.94146661310755,0.28073932884790087
2023-01-0375,46.96380941052755,26.883364940124363,0.17544650846462395
2023-01-0376,47.6421500680936,31.06673264448885,0.054475414069822356
2023-01-0377,65.89094729910992,25.545300074441364,0.27970057546133004
2023-01-0378,45.37892638847632,28.828032999925263,0.2811741550978479
2023-01-0379,54.9541451365842,26.90462799893492,0.17840077513693647
2023-01-0380,66.32077844673755,30.958677253843,0.2765399159215153
2023-01-0381,44.25132865061944,23.908398025266163,0.11340462790696944
2023-01-0382,62.03159540663654,32.39037809830535,0.10259253044023801
2023-01-0383,56.518562806206035,20.510504996945944,0.20399287643283792
2023-01-0384,56.790727436031915,32.90425705129623,0.19811407355092642
2023-01-0385,62.324987460773414,28.30487574547356,0.16880057194341125
2023-01-0386,56.38940460182769,33.962750092250765,0.24110447772715965
2023-01-0387,40.42816279339332,31.04749684290873,0.24897888909636168
2023-01-0388,43.1390864129193,23.936224827843052,0.21483012422367193
2023-01-0389,42.4742645731319,25.017004778327657,0.08829675021085755
2023-01-0390,45.564243644779765,30.73342829908666,0.12113118639973085
2023-01-0391,59.80217852912618,34.88494004560641,0.10144188755509508
2023-01-0392,64.88348032366731,30.93403368639141,0.1905719527742376
2023-01-0393,69.1886234586295,20.930650424110254,0.2588612633459891
2023-01-0394,45.82160966161738,22.406956462436455,0.2115191199498172
2023-01-0395,43.54804673216713,21.49598467352521,0.15860365333153054
2023-01-0396,40.71046576450338,33.730997459210194,0.2740871346050763
2023-01-0397,49.29287814416557,31.869767039606696,0.20223383980304616
2023-01-0398,55.97506937914582,25.326021243473733,0.12372286093753447
2023-01-0399,46.05475853203772,26.67014050344042,0.29414072970982147
2023-01-0400,46.578131374852234,23.125215085833453,0.12908545583177106
2023-01-0401,66.44341445584656,33.38599170550416,0.19586033409331155
2023-01-0402,52.64530216122158,24.432819033105915,0.1609361759321603
2023-01-0403,49.50047063318962,33.4964695530293,0.26943461468908414
2023-01-0404,51.15606618642057,30.183838000101527,0.18498129316600825
2023-01-0405,69.2061209573823,30.74087170718913,0.22669174896388566
2023-01-0406,56.438389447547486,26.081914230061706,0.09411923675322122
2023-01-0407,69.41826077083547,30.4589324758052,0.10415400703828524
2023-01-0408,51.72260201135482,31.179858957010218,0.1732452458055082
2023-01-0409,57.616040387774945,34.504947484194346,0.08761919811627981
2023-01-0410,50.21125401103245,22.564324948741785,0.16925578018014753
2023-01-0411,56.51335376298326,34.73859050876187,0.06783232802778376
2023-01-0412,56.95649308541185,28.276015128028384,0.09916706201167365
2023-01-0413,52.90623164154978,20.42981199525258,0.255044255241142
2023-01-0414,45.826116204093026,28.511724293988067,0.2633864806466072
2023-01-0415,58.272434638906304,30.090241264657124,0.17621003998060059
2023-01-0416,62.29900022951401,22.441080335735315,0.2772655760535435
2023-01-0417,59.603338971960255,20.560371542899425,0.1962834904708347
2023-01-0418,58.3679800568642,28.073120021149748,0.2554580998501415
2023-01-0419,59.35976101189933,23.430359267775763,0.2060036862568826
2023-01-0420,40.676107415672,30.534964153607927,0.1304262765318091
2023-01-0421,43.93859704549454,30.2699060423643,0.16495406214845826
2023-01-0422,51.51078492418984,23.74735417024689,0.2288037561369809
2023-01-0423,63.6206625443797,33.412776181085896,0.232884275937276
2023-01-0424,60.80204118516914,22.9593091648961,0.2193907874377266
2023-01-0425,58.15728285097697,28.884886606982782,0.08774169051083329
2023-01-0426,63.71993341514994,30.69007916010367,0.2368064971603222
2023-01-0427,41.92136447061339,33.945412871050486,0.08707214563508998
2023-01-0428,54.59796446314819,26.785051619613483,0.08986329489880744
2023-01-0429,58.306667661766845,22.15421729669219,0.2732942200613792
2023-01-0430,69.48506785953808,22.825655886228468,0.15399506474416286
2023-01-0431,60.60175609577415,34.08799131480175,0.15599256348015633
2023-01-0432,54.54394002943616,32.92072597113098,0.1946106575808999
2023-01-0433,64.84176568648958,32.86030328216254,0.1054344142301039
2023-01-0434,59.62259714146769,21.32028252036248,0.18695701947962173
2023-01-0435,62.84364134399898,29.84181597053268,0.2905820892833348
2023-01-0436,54.32542733058082,29.783931637717195,0.1798274064687655
2023-01-0437,55.37175798794859,23.751104116029385,0.09068651609100313
2023-01-0438,64.96917652200355,33.28305937141793,0.2670065619858357
2023-01-0439,46.89286444850336,29.799643509115313,0.05033236501781903
2023-01-0440,46.603228432546175,24.238034478788705,0.299373211081393
2023-01-0441,50.49336868487432,20.968420728571033,0.2107042616258643
2023-01-0442,61.21861076466557,22.417006186116204,0.1221777454761888
2023-01-0443,67.66141795107687,32.02317830901275,0.12793581879196037
2023-01-0444,67.42153990566241,29.627965081714443,0.2234341315734032
2023-01-0445,41.166404713158734,28.677643558586553,0.2877730043120073
2023-01-0446,63.86289871248596,22.216093947589414,0.0655173528059159
2023-01-0447,65.89526938859576,30.934705296522747,0.0688312803423541
2023-01-0448,54.091910384687665,33.5692218945042,0.05289894873262148
2023-01-0449,46.76782319355958,21.352304431107015,0.15911512324903065
2023-01-0450,60.717139363856234,20.667191623398363,0.2149773763049474
2023-01-0451,45.74597014894495,22.963338318886695,0.07664596353926516
2023-01-0452,44.09935468704286,21.42418626603276,0.22130688560749717
2023-01-0453,68.26871235717982,32.57176703129619,0.1468710348081333
2023-01-0454,41.49572500282275,29.53893127631077,0.18463060827051975
2023-01-0455,46.963446624914454,30.92017271061806,0.20055785981145813
2023-01-0456,50.3548058781079,26.75469991796351,0.17828426184657276
2023-01-0457,56.52186246098847,29.36846524973282,0.12007635778381297
2023-01-0458,48.361612558886144,31.990501955544236,0.22836155708492673
2023-01-0459,48.92689080139725,26.770497799311656,0.0676861787429885
2023-01-0460,55.0642193238497,28.11724748236577,0.17295867416571503
2023-01-0461,65.40652789125252,23.887234414049885,0.2348026243627333
2023-01-0462,60.747803080819864,34.96020716384434,0.09384561335148552
2023-01-0463,49.297969049888636,24.171537704372817,0.07036618546640584
2023-01-0464,44.62594310120758,30.074637265481783,0.15763222972584512
2023-01-0465,56.660653028315316,27.42761845618229,0.2792673744111533
2023-01-0466,42.885292035530775,29.386828930059853,0.23281328638841298
2023-01-0467,59.59226110254342,21.52307431769735,0.05111008534420523
2023-01-0468,67.46369436507067,33.015850448283906,0.2699576384527538
2023-01-0469,57.59091196514757,31.357786562796125,0.09764692823949651
2023-01-0470,52.51166497398326,24.498425730411324,0.12740012808847456
2023-01-0471,65.57831165843051,28.942443313722222,0.2743988289517115
2023-01-0472,40.50131498999748,28.59074993219577,0.06258543938060569
2023-01-0473,50.32262117054653,24.96737836077957,0.06148828577718664
2023-01-0474,53.09095321932815,22.29002608368484,0.2808788179677449
2023-01-0475,56.61596886762271,23.285796698454398,0.25235194046398723
2023-01-0476,47.283406316188966,26.67435530716509,0.20885443581418967
2023-01-0477,53.81714418237604,34.088122374503676,0.24083318282254101
2023-01-0478,48.26203416020012,31.726630768649862,0.2689787334002743
2023-01-0479,57.491548406853326,26.450431672753,0.2248590508812408
2023-01-0480,69.37893371966712,23.301340372641953,0.07524794856649906
2023-01-0481,48.08921389984916,30.503784022979076,0.22634218868623374
2023-01-0482,62.71430458512035,27.221036859740483,0.07786322989585155
2023-01-0483,48.68212356339839,24.23758512348038,0.10840884108735437
2023-01-0484,58.78791073941392,30.421177419612356,0.16308709646992953
2023-01-0485,57.625727410375745,23.1295897180683,0.101595599362468
2023-01-0486,54.707793663119254,29.975627269141867,0.28798233748720886
2023-01-0487,68.28123245857904,24.125859646765804,0.2775088203397613
2023-01-0488,51.52760300499108,20.299071919547647,0.057490054432636065
2023-01-0489,62.36402593977621,34.089449700441634,0.15439504591272152
2023-01-0490,64.54162580233678,30.12598380209216,0.18547232838745908
2023-01-0491,48.270439792405284,22.55865094748455,0.23872573101941452
2023-01-0492,58.19819890752038,31.99706874577509,0.1418809431640446
2023-01-0493,55.10322635962929,30.390706988847732,0.2148599382113665
2023-01-0494,66.80154092268128,24.525091919282758,0.1224371585240241
2023-01-0495,55.749795664292336,25.062794643220727,0.24120978169783064
2023-01-0496,47.0484021738256,33.57509528265995,0.26453011480358884
2023-01-0497,62.89410848599085,24.99889175554562,0.08215753735942409
2023-01-0498,68.86008357548876,21.669581581581504,0.11401542634745333
2023-01-0499,55.58439994104132,26.240908266641853,0.13674623415361098
2023-01-0500,40.37926517024977,31.4798677111553,0.21804301321825253
2023-01-0501,63.846079141978144,22.185370960339366,0.1264265396503365
2023-01-0502,58.307841183250275,28.19791093440938,0.22535463568465103
2023-01-0503,58.63785582264153,33.02198078539244,0.09473507732287618
2023-01-0504,60.1733064309655,27.69390578121792,0.1862084281410326
2023-01-0505,46.70875760263286,33.90406404250963,0.11592529241731851
2023-01-0506,52.22085096435852,24.329009875524292,0.15893660875632204
2023-01-0507,68.83355167884227,26.655891570246002,0.23185302355462095
2023-01-0508,61.51792677569256,21.198857638432337,0.25054138632703116
2023-01-0509,58.38576901652766,31.153475780158864,0.18193313637290748
2023-01-0510,67.80858687145113,23.294536596043024,0.07096576564011688
2023-01-0511,44.48254149614793,34.61074706617635,0.06313682160724478
2023-01-0512,65.6573988289166,22.885539170387396,0.21749877432302372
2023-01-0513,53.806334322850546,33.64591179446337,0.25208728941493996
2023-01-0514,57.0495573807249,34.361646635080206,0.24191201486888375
2023-01-0515,46.06057622752818,24.29612540559809,0.07874370240054467
2023-01-0516,53.653893552031015,33.13214552899377,0.14593953130209059
2023-01-0517,44.12595689943186,28.47118508856056,0.2938370530162263
2023-01-0518,65.09505767757605,20.375921510099758,0.1908750493678944
2023-01-0519,57.99493718945287,29.673298069370638,0.18357247963404644
2023-01-0520,41.46114826570359,31.13992944613293,0.27683025196040956
2023-01-0521,64.64621870332817,25.953527276329787,0.24641474541413533
2023-01-0522,61.97040162297617,20.908725217951133,0.26661967973855233
2023-01-0523,54.1325813400664,32.27929646118626,0.22094909625266718
2023-01-0524,53.45920929423758,22.45661011371782,0.10236363907812505
2023-01-0525,42.60749462303078,29.60264629591186,0.15473312433342046
2023-01-0526,42.90425970537848,30.855786086906384,0.16336378259631795
2023-01-0527,55.23852484147663,26.576779573924014,0.13025399651085012
2023-01-0528,42.79257835435434,23.691228684074144,0.07205871763506293
2023-01-0529,65.78393800816818,23.382260254751415,0.20784149740036806
2023-01-0530,68.51905798672429,24.12821335724143,0.1430804695428899
2023-01-0531,47.96557020077683,32.125555107853245,0.2388288066790833
2023-01-0532,40.1406013570868,31.29215394902963,0.2585135010201595
2023-01-0533,49.0909130456394,33.142188269235064,0.09110323742359604
2023-01-0534,64.83206697771513,28.08135872350103,0.16023841867979638
2023-01-0535,67.31573061683794,33.623542864089295,0.17917824456793396
2023-01-0536,49.68032193413129,20.712907928604803,0.2412006822880819
2023-01-0537,43.435796881637096,29.599374503394856,0.20807492836431063
2023-01-0538,40.78274514361968,25.999678352668646,0.15684838691360886
2023-01-0539,41.67696741514281,23.741516539002454,0.060930834681592785
2023-01-0540,55.57819071312034,33.042646861466196,0.2703035499689807
2023-01-0541,56.54356592267172,22.104754642035033,0.29961945423759545
2023-01-0542,47.16265082680662,23.305264043499307,0.08634031385888559
2023-01-0543,45.03478843576432,23.74800759001641,0.21677936938053666
2023-01-0544,49.99584767619959,23.894211521219873,0.2979324267160027
2023-01-0545,65.14514888125117,25.583687248508483,0.1324408741318091
2023-01-0546,57.44580404555022,30.40398207629724,0.18169178163645688
2023-01-0547,64.84024146285995,28.244226320877758,0.12051359589438125
2023-01-0548,64.3240116636305,25.615263615826862,0.19178468780927493
2023-01-0549,60.22361785339449,26.191495831932144,0.17942914335163673
2023-01-0550,65.7144974014957,21.909838102878577,0.10321108863943586
2023-01-0551,63.02922642074109,20.950498202823525,0.09664189532774757
2023-01-0552,53.2410514451708,23.040179060429427,0.15223543443071014
2023-01-0553,43.04986017340741,23.901361690633415,0.26451529793500256
2023-01-0554,52.2611668252562,31.928188704129816,0.05520140201447511
2023-01-0555,56.659108079868936,27.335194691403405,0.21222773326739502
2023-01-0556,46.61090104522063,20.83561865556385,0.1191778701500089
2023-01-0557,45.711808629835836,22.482549963598334,0.1701038652041878
2023-01-0558,56.39122512122465,31.772942843334278,0.1842707077698446
2023-01-0559,54.81710801738503,23.072788230906514,0.1684412464138642
2023-01-0560,50.43809702139872,21.171264696490645,0.12339886276748423
2023-01-0561,57.17429781399976,25.293844836216227,0.12393056551487998
2023-01-0562,40.83814016213082,22.00439296458017,0.28988227414205453
2023-01-0563,45.84861339184411,34.92630209412261,0.05701411062822369
2023-01-0564,41.67055962798089,30.457867538768276,0.13821938592318372
2023-01-0565,65.50919531141292,20.47977097773962,0.20913261536708394
2023-01-0566,53.010712449851646,30.81071848466618,0.15121146353878995
2023-01-0567,65.7019266095552,22.83033118653818,0.28002792306597085
2023-01-0568,53.631002107273645,29.132794154502896,0.19927136921284833
2023-01-0569,59.37089376501625,29.208813413309137,0.20460778868670665
2023-01-0570,56.629811919090464,26.458790463803425,0.21169025442025197
2023-01-0571,53.463583252181756,23.0833954339219,0.17889322935494995
2023-01-0572,68.54895058731033,26.55061900163556,0.24627466496934625
2023-01-0573,57.171617143268435,31.610925701560777,0.2949862727651135
2023-01-0574,41.858396565432514,31.393911160460988,0.0883607728952268
2023-01-0575,42.4418818285161,26.045689507062818,0.21483552744456919
2023-01-0576,40.35770943325563,27.285030446582628,0.2122428109521492
2023-01-0577,69.05869230322841,32.917449635555286,0.051835554407624176
2023-01-0578,69.40652029183953,22.376208857113326,0.278721630019861
2023-01-0579,43.148004612185915,24.099560051553457,0.1771967128986155
2023-01-0580,50.404074599558484,29.42250706912457,0.1530343766909854
2023-01-0581,62.89686702735707,26.426160504972067,0.2987464835853564
2023-01-0582,63.62749019937441,23.572550149409853,0.19756675785891503
2023-01-0583,45.32686665944528,32.977461404130956,0.18625666044034067
2023-01-0584,69.55338582176623,22.932730740653952,0.10493476637575445
2023-01-0585,69.50168874396928,22.554714151860736,0.21864423832381574
2023-01-0586,42.726919329891096,28.090131327961913,0.0832733968836115
2023-01-0587,65.52130418893667,26.631044023285117,0.20444954222934336
2023-01-0588,44.17554804196059,30.213925316641514,0.15447691266694302
2023-01-0589,48.52643133016656,32.23836833337106,0.12298230770979256
2023-01-0590,46.384365369808336,33.212525757687786,0.20950071128865377
2023-01-0591,44.51309337272143,22.63852934961036,0.0834934873410186
2023-01-0592,40.21501774954239,23.42285043881943,0.2910090292886522
2023-01-0593,63.04099138697869,32.03523864592355,0.2495588966875878
2023-01-0594,60.435752944435016,23.159376368490292,0.1364494676138216
2023-01-0595,57.40672772806019,31.320200680181706,0.212021827312188
2023-01-0596,65.73316785842012,33.20807825511977,0.2544396890848469
2023-01-0597,61.17721824184232,33.732832420630515,0.0598921823082134
2023-01-0598,69.39550302221286,32.4671213753657,0.21761328819664238
2023-01-0599,67.99172379595153,24.590209929149744,0.2119272924029093
2023-01-0600,56.783492393976786,25.037371218782326,0.18882150622527916
2023-01-0601,42.30216006701169,21.821728127057394,0.24794716756300722
2023-01-0602,44.29406685167279,25.07085385205159,0.08397505759959627
2023-01-0603,68.69106277309461,33.458951925986824,0.27484983270854757
2023-01-0604,43.6227670390929,30.97628659801787,0.25205682239725613
2023-01-0605,50.39555440936989,26.15064428613145,0.1481071494380794
2023-01-0606,60.338730107619774,31.21311486657533,0.13735062520411284
2023-01-0607,42.10341597874377,31.609940040297182,0.09490436062836256
2023-01-0608,68.14669563748087,22.14195409487241,0.21157690487142677
2023-01-0609,67.16786811579955,34.94753380614744,0.268847015140021
2023-01-0610,40.93397112354218,24.322950216898278,0.24264036020067825
2023-01-0611,41.343071150805834,21.397410271004972,0.13286389000487642
2023-01-0612,51.997805553663,30.3870934164941,0.13998082179938415
2023-01-0613,67.84118231300873,27.059211592443777,0.1435771563792803
2023-01-0614,62.18267164767657,31.18874806844292,0.05479021770868213
2023-01-0615,44.170125997253066,20.543855129631638,0.06790138442793615
2023-01-0616,68.5183899578933,33.148753144566754,0.07256288146088392
2023-01-0617,62.06784316111535,30.726837910603678,0.2163620125118479
2023-01-0618,69.98406216806923,24.50889421023322,0.19890637248218246
2023-01-0619,49.7815867249996,26.661661651870908,0.181377780543995
2023-01-0620,45.96127685971894,34.917610748282314,0.28203334960515825
2023-01-0621,61.233640348301975,33.76875590710581,0.2893892292775792
2023-01-0622,42.868625706058175,27.281469590155655,0.25458571052262446
2023-01-0623,43.300256446861134,30.401044562014995,0.09362424387209638
2023-01-0624,66.37821262690449,28.460967411334636,0.06307046985541727
2023-01-0625,49.60847848156802,32.89006498716343,0.21529732448348377
2023-01-0626,49.796381353712874,32.51615561180231,0.22341371439223834
2023-01-0627,63.089696820651604,22.03474941231842,0.08231321071282156
2023-01-0628,47.86418829142683,27.5383997961282,0.24140754468325348
2023-01-0629,44.54406921071951,22.008253388740062,0.2913697681194898
2023-01-0630,64.91619197083975,32.83934751133134,0.18404043432875566
2023-01-0631,42.27461740238644,27.97304777973468,0.15113144439288695
2023-01-0632,49.28119626221758,26.134533218177012,0.21494846832528436
2023-01-0633,46.73101335997238,23.185744757370173,0.2808054727882681
2023-01-0634,42.20176017937241,28.10854353483839,0.14186906334475669
2023-01-0635,59.769921146795305,33.573323136696345,0.1791278735181276
2023-01-0636,43.36402508795252,21.245905712317803,0.18064161986953248
2023-01-0637,66.94623519106771,23.96221326929585,0.25555816089438377
2023-01-0638,66.79389377552862,28.388588027338187,0.18493096714792662
2023-01-0639,50.220238834537575,23.1487135340474,0.17551202770870722
2023-01-0640,59.29975522741817,28.475238828689754,0.060166146115745625
2023-01-0641,67.60783663965921,24.27686023888691,0.07162171218561765
2023-01-0642,54.76578461286146,20.94829267136373,0.13317043280832513
2023-01-0643,55.76937339744941,31.737974945922513,0.07816181321963488
2023-01-0644,55.658804254498776,30.336828290535163,0.19407650701938528
2023-01-0645,64.28928901322972,34.28656829463342,0.18216620670230294
2023-01-0646,58.41889093900697,27.571643297401387,0.25457526852126133
2023-01-0647,51.070927385627414,31.306266563634843,0.1269908836088683
2023-01-0648,55.272888126936856,34.634889231796905,0.23220897287623382
2023-01-0649,48.62392925277329,22.282577056601106,0.27868139961643956
2023-01-0650,69.64630592776402,22.71465220515719,0.2682508876187911
2023-01-0651,52.85542062339578,25.637824099640596,0.1261943351925368
2023-01-0652,44.201172615550355,28.133112148363864,0.10471816152910947
2023-01-0653,52.459870746604345,34.36936847311188,0.1964510177466759
2023-01-0654,62.51644986987952,25.948763890132597,0.13715782349087663
2023-01-0655,55.29866300391757,20.925565050334885,0.18065619114360632
2023-01-0656,43.909232069695996,32.883992869222965,0.19121949643916236
2023-01-0657,48.04067476500955,22.047663616245885,0.10861063866510985
2023-01-0658,41.40315217970522,22.56310575530048,0.1285651316460304
2023-01-0659,56.05807598586693,31.735360219086846,0.19452675567097355
2023-01-0660,61.01007004817567,27.125802938945856,0.13482640391711498
2023-01-0661,67.869564105797,32.17382864803997,0.10660292691476746
2023-01-0662,63.53056042491295,25.95350548762599,0.1080595951067541
2023-01-0663,63.586148007036485,33.851868911240054,0.09576590140421136
2023-01-0664,51.877648516675066,30.0906870961879,0.08042384486506356
2023-01-0665,57.87472570653517,26.914528679177305,0.07857342992462328
2023-01-0666,67.00495530191205,22.41516414484246,0.18511330035793955
2023-01-0667,50.73540139515088,32.77148201293758,0.1643356845946441
2023-01-0668,46.558505708770895,27.680735984998442,0.12965548048658582
2023-01-0669,52.6173745367722,29.258159073433525,0.23430087936209992
2023-01-0670,66.64122271617693,23.72599060378721,0.15468224621581872
2023-01-0671,59.53980726618916,23.308159483432842,0.24123083380193283
2023-01-0672,62.77123469584898,31.4553054937743,0.2383067721424999
2023-01-0673,50.17436780459358,32.15042278994827,0.10228450694385412
2023-01-0674,53.114876413956026,30.518577675938147,0.2935413017429233
2023-01-0675,49.46742502985943,24.870596129190496,0.08902786138212716
2023-01-0676,54.373945372204545,23.048646990406013,0.1945472225256108
2023-01-0677,53.71182030845427,28.781484528178087,0.09617416641654526
2023-01-0678,46.66336808773016,20.35201914229579,0.1164779509636225
2023-01-0679,41.60318356446859,30.82209624996608,0.08635413769031088
2023-01-0680,48.12229587197535,23.02982813091307,0.18715591934746478
2023-01-0681,53.49748779890806,34.67313700676027,0.2799475288738236
2023-01-0682,66.4353350859335,30.323507632677867,0.12252282863424403
2023-01-0683,41.82168211072204,22.93921644781333,0.21505270888960099
2023-01-0684,68.73315759964099,28.260429696431295,0.2625950356082322
2023-01-0685,58.268171959458456,21.604170810145128,0.21992499655709724
2023-01-0686,40.6997065946415,31.87420456544781,0.1854665408536591
2023-01-0687,45.505595101075244,26.297997353875658,0.2524381837742131
2023-01-0688,67.23591039730002,29.725178482136386,0.058365788212264305
2023-01-0689,44.62401383540108,21.295011712842097,0.15352222850989167
2023-01-0690,58.093853150159546,31.21830568835101,0.09781163833670377
2023-01-0691,52.12702446205167,34.02489864694815,0.2514870797292085
2023-01-0692,44.40324282749759,30.180173907961986,0.25098691926345673
2023-01-0693,45.00284444298866,22.66748322300635,0.1899080917328851
2023-01-0694,40.466334477310966,20.602920410153935,0.17252768461283885
2023-01-0695,48.59954814822404,20.159486430335924,0.1792101694929198
2023-01-0696,48.22422988967544,32.4841206337746,0.06662643042226006
2023-01-0697,48.02313645628281,23.291530335793993,0.22457793953103528
2023-01-0698,46.35922734648846,31.750835673005597,0.15731712211102977
2023-01-0699,51.41026525078807,31.5333403172367,0.18391563385770032
2023-01-0700,49.88900852579952,29.57907954528956,0.19920823456455267
2023-01-0701,59.18813839254675,33.61519368470659,0.26649844306317677
2023-01-0702,53.968005064155676,32.529264938561845,0.2673903226396556
2023-01-0703,46.14768040227048,34.326066877613044,0.07472063210262143
2023-01-0704,40.55180394506225,33.06508140129142,0.06535902572800399
2023-01-0705,53.656116395966855,22.840401675338875,0.07709013825380263
2023-01-0706,50.52656486871129,31.49006895068347,0.06846334936583505
2023-01-0707,44.59436854811442,27.80394217737537,0.25473795513154945
2023-01-0708,40.64895259714644,24.560569068724128,0.27122397876696364
2023-01-0709,58.29091735111427,21.9005964742527,0.19035598337722937
2023-01-0710,40.24189300947418,29.844444363698727,0.061918940212921283
2023-01-0711,69.04897391709054,29.831921438865137,0.09518555405919922
2023-01-0712,69.05392956928486,24.53947766569971,0.12612793310597614
2023-01-0713,68.74686977134257,33.018730523694714,0.1341880360351546
2023-01-0714,50.13196846772189,27.720071837194318,0.2826246102186238
2023-01-0715,53.43925382104146,30.764507671967824,0.26726433475079703
2023-01-0716,58.013609069077305,31.363670343198997,0.22161523167086977
2023-01-0717,43.239008177037405,22.219948675875646,0.20475386316773803
2023-01-0718,53.7040707714895,29.809364363381356,0.16608918156651142
2023-01-0719,46.90563295967718,27.845148903651562,0.06619053537422816
2023-01-0720,67.80699666179514,22.76925702030622,0.08651100998894883
2023-01-0721,63.22353450533737,30.966638465202003,0.28997016248550256
2023-01-0722,66.97494472497786,33.22492315695584,0.2675544762071191
2023-01-0723,41.3247367553632,20.83989206469969,0.24555463210518697
2023-01-0724,55.737249387395195,28.774083203360533,0.09840470550358228
2023-01-0725,50.07796726173037,33.41401279045323,0.1922300272394361
2023-01-0726,41.27129418032626,34.06441568449951,0.12813422812988107
2023-01-0727,68.97982324306956,31.277757301865783,0.1124080377406831
2023-01-0728,43.103254793663645,22.27092043420707,0.26576080751707853
2023-01-0729,42.15369905536741,22.97907186132094,0.13733280727390001
2023-01-0730,49.78941478381513,30.816312889912222,0.2546993283198431
2023-01-0731,43.200003396589686,28.400913800974273,0.1382254556861916
2023-01-0732,64.30007193208058,24.664003287206842,0.08439655664434657
2023-01-0733,67.62198361749472,20.323571231554492,0.05866505433972176
2023-01-0734,59.80548041391877,27.706654793402272,0.1525783151407496
2023-01-0735,58.9871476840141,31.39528964207801,0.14191457331685098
2023-01-0736,43.51865000495146,21.474981468057,0.19185366749618732
2023-01-0737,53.54213168500179,25.421069632278737,0.21485652143401024
2023-01-0738,44.64312753571443,26.399357953980513,0.2458215429524246
2023-01-0739,63.15206409161682,29.587563954640455,0.23870430643142032
2023-01-0740,60.40522655219578,27.533230378466907,0.10522573313552443
2023-01-0741,68.63331142904991,28.67544915180372,0.2086785893431805
2023-01-0742,68.00690901697767,27.591813298261155,0.2693517624656106
2023-01-0743,58.12091085728448,27.64473510968993,0.13089426176334518
2023-01-0744,61.890044800580036,25.47221859392457,0.18920052422596545
2023-01-0745,48.62172876534748,20.216917145966775,0.1001326125958459
2023-01-0746,60.54025630668454,23.662794343450386,0.06623324313294458
2023-01-0747,46.327873242648565,25.081441233299486,0.27672100068500455
2023-01-0748,43.455482959790736,20.37463197687561,0.1689175229019776
2023-01-0749,51.525057854823324,20.297975227289996,0.11398067922434206
2023-01-0750,42.55927940440958,24.515407427245428,0.08043584993705276
2023-01-0751,63.29319331544929,22.273307483693998,0.14120497091991469
2023-01-0752,50.57063421451812,23.14149160861552,0.1610170624877436
2023-01-0753,44.05655326477637,32.35486747176804,0.06978660381206915
2023-01-0754,40.78930151309166,29.33871613363982,0.10354108393619095
2023-01-0755,50.37852176792642,31.854019386121706,0.19877952991105813
2023-01-0756,65.94348650377663,25.723681445674558,0.12130215749231431
2023-01-0757,69.63216823051735,33.31080232717996,0.20864865240106367
2023-01-0758,53.48272028224425,32.99080200929114,0.13504712918771933
2023-01-0759,51.18997459993141,33.23491126485664,0.2529475283481429
2023-01-0760,41.10539939934012,33.63793467546103,0.15537717321013617
2023-01-0761,62.62787847754978,23.170370276526,0.2272483004604418
2023-01-0762,49.07141932863851,30.9554922201903,0.0662845019824246
2023-01-0763,48.67674222946386,34.174633350478274,0.17179035130760745
2023-01-0764,40.5229934998408,21.035890702225096,0.26962104213268345
2023-01-0765,57.55273432663036,26.587811919492562,0.07553407910277661
2023-01-0766,63.30987399913937,20.828332724598816,0.10846675240192717
2023-01-0767,48.93682012262199,27.910109314985547,0.24515504189418585
2023-01-0768,63.73931901464031,23.242201262089406,0.22912054137508736
2023-01-0769,63.57529822451002,20.131014141828057,0.2597870212417337
2023-01-0770,53.3166327677074,25.44351725117569,0.24226842974460622
2023-01-0771,68.3887400439585,30.911510699334123,0.08393682733825335
2023-01-0772,46.49761510617897,25.12742450836409,0.0712371887694744
2023-01-0773,68.3299962059415,20.769102584801256,0.16188944350040596
2023-01-0774,69.45332383752941,28.084407945082944,0.18640815496833585
2023-01-0775,45.18118188212534,27.86229647316571,0.11201939356785524
2023-01-0776,64.64978620917478,28.381752901404873,0.2701524374665325
2023-01-0777,43.86832596004848,21.121822318881435,0.15367514920461378
2023-01-0778,61.43776367226627,27.614616598410716,0.11848785729561685
2023-01-0779,47.9874329934582,25.586713683821543,0.2763653766603101
2023-01-0780,46.209831378760654,23.75909867306645,0.11507700515608567
2023-01-0781,66.95163305374331,21.737488958485336,0.08700762412546977
2023-01-0782,66.3801680246062,25.072712611048072,0.18168201867868855
2023-01-0783,68.01371096533913,24.033301267401658,0.1265198367771373
2023-01-0784,63.89660138612632,28.553704619762048,0.23915739034097594
2023-01-0785,55.67561268687228,20.82668072403635,0.13786319637423028
2023-01-0786,52.51929217702242,34.09077606265251,0.09610727481916732
2023-01-0787,51.48756582134213,21.679003071442093,0.20011793047327792
2023-01-0788,52.52700566572804,31.86035930801672,0.06032217531069388
2023-01-0789,64.07820686008782,27.610110485805354,0.09347997146330624
2023-01-0790,53.310222087947686,34.03688602937807,0.24890114879249176
2023-01-0791,45.33885459691201,29.953201548983678,0.1757220965361832
2023-01-0792,52.04746139098068,29.446821998159145,0.10831583038817112
2023-01-0793,56.86084488447029,27.885688402729965,0.20287693294009845
2023-01-0794,44.57220184929454,30.466116862030148,0.07168391309772736
2023-01-0795,41.528288988020684,34.75371168948473,0.18901609472660175
2023-01-0796,63.95934254297485,32.18291138262201,0.06354672029189086
2023-01-0797,50.671068693406596,32.13104255102189,0.09718852819763081
2023-01-0798,56.752673270201456,25.040998801713727,0.1508593712628582
2023-01-0799,53.025321596057324,23.879048539820417,0.14814691069491565
2023-01-0800,40.104283839792195,26.12089886699567,0.22902332764640054
2023-01-0801,67.2150921037742,22.901200742831836,0.09681213771915896
2023-01-0802,67.20671247565329,22.83703872948861,0.23341205193656756
2023-01-0803,69.61920523709227,33.7090706082601,0.25318505209174785
2023-01-0804,46.531249983402255,27.950051684991816,0.21785892999753198
2023-01-0805,46.15312222208785,29.79732993641261,0.18431162874036222
2023-01-0806,58.64049980733929,33.55106368637936,0.14240500012778962
2023-01-0807,53.384093979699024,33.78438469293047,0.13713800536472737
2023-01-0808,55.5768359407368,31.586224740079302,0.27609589371048776
2023-01-0809,40.34305247201589,32.0623958195666,0.12787007147104246
2023-01-0810,64.15197765341182,31.820415770964548,0.19070301973445763
2023-01-0811,57.50672537804919,32.45035522806317,0.29260894497670786
2023-01-0812,54.71917926629501,34.121361201166685,0.12022737892604503
2023-01-0813,58.38141797656374,29.418118266884235,0.08798673548929582
2023-01-0814,57.77974928117446,25.325072253405768,0.11418287738004985
2023-01-0815,44.27879327251647,23.254872851382853,0.10996550499830594
2023-01-0816,47.25077393558576,22.102120559740325,0.14361957858458357
2023-01-0817,54.60999048083743,26.84208178506844,0.20096580904757322
2023-01-0818,68.42755423628864,33.194596458758284,0.16310060367631307
2023-01-0819,42.134853384754756,24.674951700055313,0.2809166650346697
2023-01-0820,52.17437836968432,33.76962357568855,0.10986445559122311
2023-01-0821,43.251929100434715,29.72420696381927,0.137629335756775
2023-01-0822,40.6793047495336,26.714373181708247,0.15137398988875034
2023-01-0823,62.5421339961014,31.403730061729206,0.13801966961679157
2023-01-0824,50.19056353575204,27.916294292927226,0.17071888754128295
2023-01-0825,44.49974092452287,25.56882862904381,0.27059796261778063
2023-01-0826,45.35693707055131,25.111370630082174,0.2462405849737747
2023-01-0827,53.92800983685598,26.00500053968997,0.13149659619899912
2023-01-0828,49.45017187568643,21.976599871604005,0.09467526598219737
2023-01-0829,50.83647321866235,30.71461395883647,0.0838800986358539
2023-01-0830,43.827719227230375,34.120155521773135,0.16427160344895925
2023-01-0831,44.84180115076657,21.354119772716913,0.21126230008918934
2023-01-0832,55.54768419156442,32.33361140384862,0.21126136728304334
2023-01-0833,53.33423797644838,28.031862012411924,0.06686976034932936
2023-01-0834,45.56544438706172,21.71165609797256,0.26480234604011516
2023-01-0835,64.50639823696308,29.768619896836473,0.2208006123368827
2023-01-0836,43.35852613074318,34.78264009249267,0.27412157924842856
2023-01-0837,60.111270713668915,28.262061859429778,0.20709775414724724
2023-01-0838,62.039022881200616,33.434763335298065,0.10762483452222855
2023-01-0839,44.903560492339665,21.325132591136903,0.20854263928731243
2023-01-0840,59.83769582791179,28.241429338652367,0.2193697547689602
2023-01-0841,41.80205382450406,22.519312863573024,0.1109860541319972
2023-01-0842,61.641747548589564,23.898784952029235,0.16993541104127113
2023-01-0843,65.02235942559042,20.12143138859519,0.12405415021241227
2023-01-0844,46.51404032473462,27.321577164447195,0.1713008987132668
2023-01-0845,59.27702803546351,32.944258109696236,0.24001054723129123
2023-01-0846,53.19449662707078,24.828544003310647,0.11764536095246715
2023-01-0847,61.847213018574394,26.573325143940806,0.17217578352775154
2023-01-0848,56.152199574335334,24.63854275091103,0.2955521377283968
2023-01-0849,48.03566883335364,21.995946012709933,0.13579028232720175
2023-01-0850,54.6457600338267,26.65737890015754,0.23708487876894824
2023-01-0851,65.51588979724072,21.673093584199645,0.15929582009642296
2023-01-0852,55.836873360748136,23.848113095481324,0.07612135010729808
2023-01-0853,49.08476268527835,28.68629572270912,0.1574915155440496
2023-01-0854,44.243101911068976,24.02195492509601,0.1080861090850047
2023-01-0855,41.19923189015352,22.842279353242773,0.07231415372700982
2023-01-0856,62.660236098252014,28.59721146401066,0.28680393540197907
2023-01-0857,53.901871826546696,27.170935969226967,0.19297891329635136
2023-01-0858,43.274647574489364,28.250028979602032,0.15225520699818745
2023-01-0859,59.59205460514811,27.454983888335178,0.26358149803296305
2023-01-0860,46.81201348250333,32.57669061880075,0.06584726652097996
2023-01-0861,50.505403582734274,27.69915916438751,0.23271755034182606
2023-01-0862,62.51875652674009,28.97809284918246,0.07584152500312293
2023-01-0863,52.034204998515904,32.592423313251466,0.15310277547571655
2023-01-0864,48.557329300294896,32.48297618062173,0.10181060852514139
2023-01-0865,63.59063632774578,27.66381009387407,0.2123227939741255
2023-01-0866,45.55376819218974,25.755240912766983,0.2092571374244639
2023-01-0867,47.884122697677064,29.17798739090618,0.17138879408675994
2023-01-0868,63.845878544475696,25.579187908556307,0.2561097580131883
2023-01-0869,47.806420061075684,26.444567950677104,0.17131944336892696
2023-01-0870,55.841024086102166,32.79205649153643,0.14185202272872133
2023-01-0871,63.26392229786372,27.47272263123321,0.27941757424280056
2023-01-0872,44.528717394182124,34.030357411226966,0.16688474100271994
2023-01-0873,58.65586989446838,28.685515416429457,0.26169881899099073
2023-01-0874,49.24428148392782,32.690478589310814,0.1289597948359988
2023-01-0875,47.047059209491664,22.617005563298854,0.09508133919053909
2023-01-0876,68.2023876170551,25.406493770111805,0.1418451621992629
2023-01-0877,63.39852840294647,32.291685009361544,0.11374412248505165
2023-01-0878,61.52886552795129,30.683221456777353,0.05061156084569564
2023-01-0879,59.23178470078558,29.95255724823462,0.11747261429360202
2023-01-0880,55.07710929967605,28.98806200373349,0.06072378134239685
2023-01-0881,51.87324996627628,21.66231718948504,0.25432433214692607
2023-01-0882,67.96422100544312,25.98917848640513,0.2915661872645586
2023-01-0883,47.74816519219664,21.388172226239433,0.2901880672171682
2023-01-0884,61.30572146713406,24.726249376239508,0.13630485830520855
2023-01-0885,42.320369509537244,33.8828481485855,0.20965690702644113
2023-01-0886,53.408431589903884,20.290721790789906,0.2613774604145216
2023-01-0887,61.24537695645191,26.274821522916994,0.0770484891141305
2023-01-0888,69.57547650568115,26.702015499257982,0.11598380245186136
2023-01-0889,42.26163899297607,20.94859960820743,0.08000402762463817
2023-01-0890,60.383616528758026,27.849507830763322,0.2077239963105409
2023-01-0891,65.61030853387783,23.498621791997834,0.2001751831789672
2023-01-0892,42.3908030356056,30.970023131336568,0.09794806579570704
2023-01-0893,64.5862936217731,28.889819284164584,0.16582144394264536
2023-01-0894,59.59240378228053,20.436448833050832,0.26214014416675235
2023-01-0895,51.28210154864687,26.755366884961703,0.18479278814582561
2023-01-0896,46.63333222185536,31.33474297014429,0.07516127611332422
2023-01-0897,57.444020558263404,33.94888810825836,0.18788117200389742
2023-01-0898,56.62233510878489,28.065644090892594,0.13994621067796503
2023-01-0899,50.85352335589249,30.920420589791075,0.14337014386442803
2023-01-0900,47.73682833498209,20.71028803869064,0.2551736512011765
2023-01-0901,54.91008469688105,27.33791179105222,0.11075192980530231
2023-01-0902,59.361006295388634,27.6171299557708,0.2012880096439778
2023-01-0903,58.80682982433488,29.84210720054099,0.1266467732666976
2023-01-0904,69.71365648829037,33.74533059664397,0.2562166821722863
2023-01-0905,68.8912420244252,25.610124712159532,0.0662199691773419
2023-01-0906,46.62366596055547,26.972170918949704,0.0579749234735641
2023-01-0907,45.781828508862006,25.424867748370367,0.20331173297338112
2023-01-0908,47.91637890892996,34.379952175910226,0.15353589829529135
2023-01-0909,55.93922481226035,22.280902301701378,0.18541497043611005
2023-01-0910,50.61490822113866,34.33494310184372,0.07173444242268621
2023-01-0911,44.471140356110446,31.216715086029218,0.16033953778911114
2023-01-0912,44.807382594583935,23.817465794112767,0.06127538220345059
2023-01-0913,46.271245082081144,23.258570805212173,0.17264725025331723
2023-01-0914,58.58741165760041,22.75576451596158,0.2733787047829501
2023-01-0915,41.84615417554247,29.96972305603601,0.2791820688747888
2023-01-0916,49.22937971943087,25.535854209112497,0.20631314692794844
2023-01-0917,41.718426787536195,23.675425063611502,0.156819725450127
2023-01-0918,43.18306790976271,28.957276669427582,0.19218410762954435
2023-01-0919,68.96152189734843,31.297813832491876,0.2944612772747096
2023-01-0920,69.00703696603432,23.157908831609827,0.19825162529596513
2023-01-0921,51.84659597877628,25.43565680633199,0.2601816257556498
2023-01-0922,65.08426617634792,20.821580901977697,0.2227761204193724
2023-01-0923,55.743896709865766,21.873347433695596,0.24451819408281883
2023-01-0924,45.58616548866367,23.481469047625332,0.17838426433103233
2023-01-0925,64.37516492010121,34.38377640579259,0.26192697021072653
2023-01-0926,50.34059648791578,32.55009691863275,0.06127380980613768
2023-01-0927,67.2803320683104,25.983710060622336,0.24054591595210129
2023-01-0928,69.26853370660513,25.024073326904663,0.27672531250666904
2023-01-0929,61.00879108702729,21.118354336256903,0.19149751425200606
2023-01-0930,40.64350868434483,29.072471405268416,0.13723711633782443
2023-01-0931,66.90143372192509,24.241248675150537,0.2759025403249373
2023-01-0932,65.44715802444416,21.59646885270467,0.21081428634090565
2023-01-0933,53.28836584998719,34.15059175645997,0.2115466307069649
2023-01-0934,59.67477010577774,28.23853033848477,0.13480103230963392
2023-01-0935,51.053765894933555,33.86496615840656,0.26647153026086456
2023-01-0936,44.749595740844896,21.89669337155731,0.1337337035533422
2023-01-0937,43.3711825648667,27.75799261386974,0.2531342104903092
2023-01-0938,41.38236902970151,23.933465541804452,0.2881421975562051
2023-01-0939,67.97713418927998,26.17258190712375,0.0789385795904994
2023-01-0940,59.58677694692207,21.909255070126942,0.2740414094672681
2023-01-0941,52.810817302078334,25.233043539047575,0.24216776211469765
2023-01-0942,58.12413876648941,22.234451190868718,0.22042851562969257
2023-01-0943,44.01067972401324,21.124301550200425,0.2624896877545292
2023-01-0944,48.82717788891976,25.950323257658592,0.1922236084405331
2023-01-0945,65.42282680636733,23.074966525030703,0.2856586406885729
2023-01-0946,51.843683131439604,20.787284601769784,0.07439375734664704
2023-01-0947,52.31555545152591,24.33953225171452,0.2671857959612185
2023-01-0948,51.17420190287008,33.936408422129986,0.1400168990524991
2023-01-0949,56.545369430458194,31.33174094134823,0.14414247129940366
2023-01-0950,58.62988944655541,24.304386469864696,0.06540042016083646
2023-01-0951,66.02237213212123,33.56258079289203,0.08217420939122012
2023-01-0952,43.82261202218024,30.550971295202608,0.2354097665091059
2023-01-0953,47.186160415620066,34.46365386321902,0.20173148715690498
2023-01-0954,59.264796174426756,25.73829886176343,0.13097555402004296
2023-01-0955,45.46229107371861,31.050893415727277,0.2281457628689877
2023-01-0956,53.15092333388284,34.98704004542856,0.1943313231410953
2023-01-0957,63.427897907173296,34.540342465803874,0.2663587307507863
2023-01-0958,58.27273034194993,28.27133287800852,0.0558025349724192
2023-01-0959,64.21272221025666,30.516546651658942,0.21889357327663372
2023-01-0960,49.66616254902522,32.947315407856024,0.17453774325086185
2023-01-0961,47.371584339723235,33.25681918032101,0.24623683415874204
2023-01-0962,59.49241393869623,30.79184227694615,0.13316339354974221
2023-01-0963,44.561308400743826,24.844436848600882,0.2625485975455267
2023-01-0964,57.44110863760133,22.069500908743223,0.1419499678487881
2023-01-0965,60.50088984794928,28.874246441108973,0.07662198783923575
2023-01-0966,47.41684875602685,31.52443765064985,0.053999730921157466
2023-01-0967,67.00782971680826,31.9633700040403,0.28442196833643896
2023-01-0968,47.524222725786366,24.640338145570677,0.10251976646325385
2023-01-0969,43.5734067662862,31.928438548729275,0.12167833119767683
2023-01-0970,52.84202142053557,33.24422337826502,0.13535388773721113
2023-01-0971,64.65063726466545,27.948928138800422,0.12197645912389372
2023-01-0972,69.93379186072457,34.04546520697852,0.13842000062591442
2023-01-0973,65.50036807872245,28.997880550404545,0.1099002329819486
2023-01-0974,52.83655852622721,31.262199641848966,0.26503882923455246
2023-01-0975,67.96590257904077,24.289883880155273,0.05148622194992798
2023-01-0976,43.6676386825937,21.012112294516747,0.1937097812644925
2023-01-0977,69.42170151149134,31.273212897089024,0.09848506645295031
2023-01-0978,57.194581242506246,25.51664702176423,0.1465939751651827
2023-01-0979,50.366600021277165,24.39566237115925,0.08110530291790886
2023-01-0980,65.83691355683904,24.518934363557857,0.25008774786256593
2023-01-0981,54.880795139518845,27.93352919824301,0.20021065456575476
2023-01-0982,40.65241213998417,24.194810766411045,0.2742934944825331
2023-01-0983,60.93873948513145,22.806827177001864,0.2823765985526268
2023-01-0984,52.78408694818029,28.311808914082008,0.19676395530281338
2023-01-0985,47.98566522326038,21.74973470233115,0.19978339527200417
2023-01-0986,69.34009426594837,23.078629391990315,0.09922468159034502
2023-01-0987,40.09961110052485,31.13216166931547,0.09132565732862787
2023-01-0988,42.77424465375372,28.4513047429679,0.09201892220279768
2023-01-0989,62.8882240963884,30.975068098313837,0.16009766700311662
2023-01-0990,58.724422641491955,25.598718989282194,0.0964908594733458
2023-01-0991,61.2693329378425,32.85495591192628,0.2972418891932469
2023-01-0992,44.45504854400073,25.947123552432107,0.28618874817031426
2023-01-0993,43.52766096059921,21.984087109945722,0.27366718818053487
2023-01-0994,55.172714186384866,34.64769518316517,0.16250759588272468
2023-01-0995,51.6444306343715,25.191006286512923,0.1369580554646092
2023-01-0996,58.450556238953354,24.67790230315422,0.18454170437884332
2023-01-0997,40.59413322858863,27.981072071960238,0.2518404024402813
2023-01-0998,64.19633373076698,22.74657898365898,0.17664191311175736
2023-01-0999,43.7929163240842,22.1116416098831,0.14441637842760052
2023-01-01000,47.229914667317544,33.258834737103186,0.2833689387924418
2023-01-01001,45.495834356491955,21.53898223334258,0.2982932211358817
2023-01-01002,44.19546064483167,20.365718614096433,0.08039754784192842
